dbi_id,identifier_hash,subject_name,subject_type,proposed_relationship_entity_id,proposed_entity_name,first_year,last_year,return_count,return_types,drake_return_ids,source_contact_ids,source_record_ids,source_contact_count,provenance_form,complete_coverage,expected_esl_inserts,expected_trust_level,expected_confirmation_source,expected_evidence_method,dbi_row_sha256,target_entity_sha256
518,02193c5693121b92c6a8fc6e5a013a684e576cb6087b424a47fd26730aa40f38,10 talents llc,business_entity,2,10 TALENTS LLC,2023,2025,3,1120S,542|2866|3611,11416|12591|13581,2023:2866:taxpayer|2024:3611:taxpayer|2025:542:taxpayer,3,details.source_contact_ids,True,3,identifier_verified,machine,drake_entity_provenance,d56709b41466dc03771066cdcbe50be36d826b83100d329450fc93dbdf4818b0,9043cffbaf9068baf6f5a5087e3cd56b0875309566f0d8f074d2ab86f5c623a7
519,05c204f43f176d26c26f273b8886026fa1079b33f6fb2f64ae9ad17675ba6ad2,hair by heidi llc,business_entity,34,Hair By Heidi LLC,2023,2025,3,1120S,490|2800|3551,11307|12492|13497,2023:2800:taxpayer|2024:3551:taxpayer|2025:490:taxpayer,3,details.source_contact_ids,True,3,identifier_verified,machine,drake_entity_provenance,39ba0c2d3eb46b158314eae3cb13ffb03fe3392d5ab8d89d0506096119b4705c,120e528ff0b4a828b2a54e7261e57ebc0163713e174267fdf0702d95e2fdca87
522,08d039dea53ade11c0e18e1e0e7ce32455ac504fbdb5fa499e0a3c24e9ca9c90,robert clements ii llc,business_entity,44,ROBERT CLEMENTS II LLC,2023,2025,3,1120S,415|2702|3459,11146|12342|13377,2023:2702:taxpayer|2024:3459:taxpayer|2025:415:taxpayer,3,details.source_contact_ids,True,3,identifier_verified,machine,drake_entity_provenance,a98d99c208b87bf708ac17303b01e7ae63afc00eeeb55f35e596d8604660aa51,f84b666842a4ddf0b7a9795cba577362835bf44958f4ba0c66a152a872933688
527,12d1eb1eca074088c09aab133cbd1f2e9cd5264b6f71965fbe9c12c38f9d8633,pancke llc,business_entity,99,Pancke LLC,2023,2025,3,1120S,589|2920|3662,11501|12669|13655,2023:2920:taxpayer|2024:3662:taxpayer|2025:589:taxpayer,3,details.source_contact_ids,True,3,identifier_verified,machine,drake_entity_provenance,bcfb47ad990d85be57654ce46424c31eccfebd943d11fbff50f78d620a4f10f7,4fa0ad45b85d1a76c6238abb8bea8ee6784b3c07aecafb7a24c036b3df207ae0
534,23357e5868177a618796a95b708c9ae9a77cd52279c67e2a9f9d2a3e7753e349,on main llc,business_entity,94,ON MAIN LLC,2021,2024,4,1065,734|1470|2245|3077,8070|9227|10442|11753,2021:734:taxpayer|2022:1470:taxpayer|2023:2245:taxpayer|2024:3077:taxpayer,4,details.source_contact_ids,True,4,identifier_verified,machine,drake_entity_provenance,6669a4c1dc4ca533f9cf26137b05c9dc5d866a2938c9cb8bb544c03fe78fb749,97b0fd7c1cf7467d8dd12582e0c36bbf3010fac2cde6607fe37e7bb0c343fb14
537,2dc9f2f245e36e3212cb79973f396418f7b36eb14997eab721734dc0fc0bd49a,star city hvac llc,business_entity,42,STAR CITY HVAC LLC,2024,2025,2,1120S,409|3450,12330|13369,2024:3450:taxpayer|2025:409:taxpayer,2,details.source_contact_ids,True,2,identifier_verified,machine,drake_entity_provenance,c30e0f74dc96b1b004672d90a1386262c22723a5200cd30a5127e2a2431b4a8f,d291d287aa44e6e6676b63dd739c151c9349f35beed4571e641a1f4f762fd4e3
538,2f30326289ecc1aca09524623b79d033a7affc08dc30b923fa7bf04de63e31c4,integrity coatings llc,business_entity,48,INTEGRITY COATINGS LLC,2023,2025,3,1120S,453|2751|3503,11227|12415|13439,2023:2751:taxpayer|2024:3503:taxpayer|2025:453:taxpayer,3,details.source_contact_ids,True,3,identifier_verified,machine,drake_entity_provenance,b59cc7e2c3a6a4faac53416772c4579611416eb363cb34c36dce97e8e1e74a5f,8beafeed2d3a208a6db9d80a72e7aa480715c314e39a3bb097569787d11f4362
540,30061c644de4a64dfddefe5ca1924e55d65404f9bb1a32560c99cdf43741f23b,mcpherson tile and stone llc,business_entity,96,MCPHERSON TILE AND STONE LLC,2024,2025,2,1120S,395|3436,12308|13347,2024:3436:taxpayer|2025:395:taxpayer,2,details.source_contact_ids,True,2,identifier_verified,machine,drake_entity_provenance,f5d7132adeed78a911ee1eaafec3cb4e529ec40ad318cd7ad697b5b00e41ef05,f1045847c707709a960af835c7c16966ce5b8ebe02a9959225088b92ba93eb70
542,38885a7990da455ab5e2917844577c1169ae0b43538c8dc3611bce00bde36e4b,slick's rod shop,business_entity,106,SLICK'S ROD SHOP,2021,2025,5,1065,306|1000|1753|2556|3336,8484|9660|10914|12151|13202,2021:1000:taxpayer|2022:1753:taxpayer|2023:2556:taxpayer|2024:3336:taxpayer|2025:306:taxpayer,5,details.source_contact_ids,True,5,identifier_verified,machine,drake_entity_provenance,751f360fb951d9a69d6497cbfdb0558ad6e57ec962975bcfe4f337a041a1e460,bca9e5138cabcf77232518ed72018f508733ef3eaa75bf78a2b9f50e1290074f
546,3df00aab0865536f54b3a75e5f17b7956c9f970bffd58b8951fce64b8c4606c8,michael & karen partnership,business_entity,86,MICHAEL & KAREN PARTNERSHIP,2022,2024,3,1065,1898|2718|3472,9886|11172|12363,2022:1898:taxpayer|2023:2718:taxpayer|2024:3472:taxpayer,3,details.source_contact_ids,True,3,identifier_verified,machine,drake_entity_provenance,4998d166a3eb337ca058cce7dc7d673b4d12510bd4a2f8c676c58d769d6870c6,f0f8fad340e745349e20ac0a6adfe9d9b8877ebbd2545adb47d7ebd143d84357
547,3e0cc378d049b3da24cc0849c71cbb5f7150b2a4f9174b1a31ed4dfca443f2a2,properties by l&k llc,business_entity,35,PROPERTIES BY L&K LLC,2021,2025,5,1065,51|672|1413|2172|3015,7976|9138|10328|11654|12798,2021:672:taxpayer|2022:1413:taxpayer|2023:2172:taxpayer|2024:3015:taxpayer|2025:51:taxpayer,5,details.source_contact_ids,True,5,identifier_verified,machine,drake_entity_provenance,bc4eb979f024c76a3fa465a681340ecf2a58a6150c9664e4a90c92eab99d8c15,3147edff99905771923e9b7a8cb7fa7b7f56d39cd6e035df8c28d96aadc25505
548,3e93632953821ca5a306fa8dc02c6912858a993ab7e3c9fcc60f72ce4a430bfd,lilolu properties llc,business_entity,91,LILOLU PROPERTIES LLC,2022,2025,4,1065,127|1518|2295|3112,9296|10515|11806|12924,2022:1518:taxpayer|2023:2295:taxpayer|2024:3112:taxpayer|2025:127:taxpayer,4,details.source_contact_ids,True,4,identifier_verified,machine,drake_entity_provenance,869073a59f60f7e734d3b5065e254d8ffb379aa29ed38c4d43b054143f1c8932,8b6ce20cf7f077facd87a77a3ecc1f88c965f78aa37707365ae157dc69fdb30b
549,4218ffe124c640ee85fbea79c3f1658b9885aae496a9204f5100cfc9c36fb75b,kaca llc,business_entity,85,KACA LLC,2023,2024,2,1065,2202|3041,10379|11698,2023:2202:taxpayer|2024:3041:taxpayer,2,details.source_contact_ids,True,2,identifier_verified,machine,drake_entity_provenance,33f72d74599920d3da824c42ba2fed78057724448913c04a1dba0c95c0884a46,18d5546259aec6e33b9f263b9b3d6575b1191360bbf75223b35200709d63c0d5
554,4a72d77c1d234a9fc776e3e5af194143c9703f75c104c0cb5a80c38361c58956,julia moore pmhnp,business_entity,84,JULIA MOORE PMHNP,2023,2024,2,1120S,2159|3004,10308|11635,2023:2159:taxpayer|2024:3004:taxpayer,2,details.source_contact_ids,True,2,identifier_verified,machine,drake_entity_provenance,8d48ac2442a3ec60a525e77e03aceb294dfdf19b3d3a860c54adbed5bc0272eb,0c2126d9a30c66957a3fd5925443e8ffb9fb1f07b4900e7191bc0b90efd0d1b1
556,4fc4aaa4ab733016affedf90b9b921ea73dd6b20e262547740dbb0b095c68712,snowfall publications,business_entity,103,SNOWFALL PUBLICATIONS,2023,2024,2,1120S,2350|3158,10596|11875,2023:2350:taxpayer|2024:3158:taxpayer,2,details.source_contact_ids,True,2,identifier_verified,machine,drake_entity_provenance,8ac4c37aa46961cebefe6ad8f84320d289cdafab6e9d0023d831983ef60d6fae,5966abe71f86f68bd797d6a64cf34a4ee7788bb8a48e76ad430b2ecd58cb9542
560,59daf54ab72e81d19494f3b5d370e52de96eb24f316c4a27d807e8530db6d01a,the ark complex,business_entity,19,THE ARK COMPLEX,2024,2025,2,990,159|3159,11876|12973,2024:3159:taxpayer|2025:159:taxpayer,2,details.source_contact_ids,True,2,identifier_verified,machine,drake_entity_provenance,032b082a60cd2fcec420e62b3f1c25547e0dda9c36d3d54b8ecaee8221018550,fca2fcab42c7e8cfac08e164a21d1959a7f2ed9517fc0dbdc73021b9e9258228
561,5ca02d585c9c0beaa8c71ba5bf3a1bb879db3a427507e8aa38c7ef4b197a1a55,mightee movers llc,business_entity,97,MIGHTEE MOVERS LLC,2024,2025,2,1120S,495|3555,12498|13504,2024:3555:taxpayer|2025:495:taxpayer,2,details.source_contact_ids,True,2,identifier_verified,machine,drake_entity_provenance,0df0b8a57714bb02ee9b04a6999305b45c2e8a4b733e5cb0a7eae359fa0ba7c6,ac85a2e60921e0dcca2c7180ff015d0463f6eda465259a5cdd599d7b29cd547b
564,6b91130c24522eab825201a2aec4449850c798d7cc15b50e159a705f08eb435f,new leaf tree experts,business_entity,71,NEW LEAF TREE EXPERTS,2023,2025,3,1120S,345|2616|3385,11008|12227|13266,2023:2616:taxpayer|2024:3385:taxpayer|2025:345:taxpayer,3,details.source_contact_ids,True,3,identifier_verified,machine,drake_entity_provenance,b91960d124e447a2747e9380716fb4064f4a064dbc0c3a619469c46b7c153f7d,42a0b0a888fa19462eb3af4d4b47d40f44fa7f45b63a26c80ac71872faf6ef05
565,6c32d92f5dc5a84d9206a7a616c9943758d9f1fc18b64d652d03e9215096b9ed,salem waterjet llc,business_entity,107,Salem Waterjet LLC,2022,2024,3,1065,2031|2877|3620,10110|11433|12605,2022:2031:taxpayer|2023:2877:taxpayer|2024:3620:taxpayer,3,details.source_contact_ids,True,3,identifier_verified,machine,drake_entity_provenance,6d5bb1ccf61e25b9b54e3bfabbbcfddd13f4ce2a39f7eecd0eb9cdbde7fbc29f,3b985baa1b14c97891aa794095e9db0cbef8946d05d5428f78be55fe7daa398e
572,7be08f26672d53f46d50658d4f5a6471783a7cb7cc8d1b048a494d1a3e30db2d,aether premiere construction llc,business_entity,11,AETHER PREMIERE CONSTRUCTION LLC,2021,2022,2,1065,1071|1830,8593|9779,2021:1071:taxpayer|2022:1830:taxpayer,2,details.source_contact_ids,True,2,identifier_verified,machine,drake_entity_provenance,63aaffaae7fa7d7a968e98ab9164d15f574b4e01524e155e9a7581b42236e0f9,a70e24ce91d28b4d81469ec4c9e604d188721cc0433aa09ec8fd2ea6c41d3b56
580,8cc3f6060b1bf4fb00b83bcbfc9153f9c5747f2355166e361addeb5374b897a2,mink studios llc,business_entity,98,MINK STUDIOS LLC,2022,2024,3,1065,1787|2594|3366,9713|10974|12195,2022:1787:taxpayer|2023:2594:taxpayer|2024:3366:taxpayer,3,details.source_contact_ids,True,3,identifier_verified,machine,drake_entity_provenance,f38794ca15480bad84effb5fe71673a95db7a3a8edf71cd80e53303e75210048,9b3556e3a4fa071ac59fabbfdf6ded682a703c0aec9056e65f69faa973b409cc
581,8f86437a24a7614d4a0b3dec8029e4c6d6632f4e2610152ae45fba1d3a72e01a,madden's market,business_entity,92,MADDEN'S MARKET,2024,2025,2,1120S,502|3563,12511|13515,2024:3563:taxpayer|2025:502:taxpayer,2,details.source_contact_ids,True,2,identifier_verified,machine,drake_entity_provenance,4cb6ab7f4e562058811700f51b3970f830196fc7bc9446d14bb437fcfcbbeb17,8a9f9b797d6c7d5480296ff2fd47a3b7f1f039ec85fc591bfc056b91e285b8fe
587,994fef8be6373694bc58b40106c413578c4c47d5d0d86e939ac7bada6da3ea11,yadkin south enterprises llc,business_entity,67,YADKIN SOUTH ENTERPRISES LLC,2022,2023,2,1065,1453|2224,9203|10413,2022:1453:taxpayer|2023:2224:taxpayer,2,details.source_contact_ids,True,2,identifier_verified,machine,drake_entity_provenance,165d47c7f4862890aaa4c4b905c69df650b2094abd4fa38e3aeaa0f5289655ea,d890bf2c6986704725a8ee82a97efa7af249aa5bfda553a6cf730b944072f4e7
593,a79e30afc0a5e9727b8f2a23af810632799f8bf405b3ca97a7cf0706fded7ffa,to a t services llc,business_entity,7,TO A T SERVICES LLC,2024,2025,2,1120S,225|3241,12010|13081,2024:3241:taxpayer|2025:225:taxpayer,2,details.source_contact_ids,True,2,identifier_verified,machine,drake_entity_provenance,8e07741250eadcc53206f104199e33d45e63aa95a48087477a4508ea23bf3b19,ecef927ff68db3bccd32768ac11978f870da272c8030786789545a97744c67b4
596,b0031b1b1fa9d7b93778207c8b8a5950e4168743d352b5e7b69d513a9d1ee0b5,optimized leadership coaching & con,business_entity,47,Optimized Leadership Coaching & Con,2023,2025,3,1120S,135|2308|3123,10533|11821|12936,2023:2308:taxpayer|2024:3123:taxpayer|2025:135:taxpayer,3,details.source_contact_ids,True,3,identifier_verified,machine,drake_entity_provenance,a54a0bf6c5fcf66fe493724d0d95da793eb7f588be8ea66a17575fb1cb6e25a9,abfd6019755f6639764662e1121a9f381df32a3c842b219f4f936d4394198c69
597,b0ac97627ed84f39ebb3f032a3971fb9c9b89d05f8eca625ba41bbeba561fca0,harmony day support inc,business_entity,144,Harmony Day Support Inc,2021,2023,3,990,770|1510|2287,8125|9285|10504,2021:770:taxpayer|2022:1510:taxpayer|2023:2287:taxpayer,3,details.canonical_repair.source_contact_ids,True,3,identifier_verified,machine,drake_entity_provenance,2efa77b9fccd537ecbe0b24cbf13fe8de0416fa2cd4be5c5d83cc48c15ccb95f,fa303fee97800524486ee629c2dac0d194688fe5675f752be4cc291f407b89b1
604,c2572b82d616294361136c03142bda14d9bbfee1db48633e003a0817ad93aa55,znb ventures llc,business_entity,113,ZNB VENTURES LLC,2023,2025,3,1120S,535|2858|3603,11404|12579|13571,2023:2858:taxpayer|2024:3603:taxpayer|2025:535:taxpayer,3,details.source_contact_ids,True,3,identifier_verified,machine,drake_entity_provenance,e6e0086a1c5b990d4ef7e36f8f64420993d6e3804db5b4485217cab4235f9e26,bf35e3c0093a10dd049b68bc9bd119e86b0bb0b7b6f0147f532e1e53a4895f17
607,c593b961a18a0bd4d0ebf1a0332e836eeb469e598fbb57bb1f487dfa57293e1b,manna4manna llc,business_entity,95,MANNA4MANNA LLC,2021,2025,5,1120,374|1082|1841|2655|3416,8607|9793|11067|12274|13309,2021:1082:taxpayer|2022:1841:taxpayer|2023:2655:taxpayer|2024:3416:taxpayer|2025:374:taxpayer,5,details.source_contact_ids,True,5,identifier_verified,machine,drake_entity_provenance,2498b2d611d03be3a589c7dcdfd52dd001076a59c4bb67b8961e3fb70eb5c685,14e0c7d56c61dc59d6422b755b1f773b63e11c9db950670583e722f9084ed68f
608,ca1bbe4d96f8a7025c1988cf1af6d9e62d88c587d4ab95351a8fe3ec0702b6fd,derek wiley agency inc,business_entity,12,DEREK WILEY AGENCY INC,2023,2025,3,1120S,174|2381|3181,10646|11912|12999,2023:2381:taxpayer|2024:3181:taxpayer|2025:174:taxpayer,3,details.source_contact_ids,True,3,identifier_verified,machine,drake_entity_provenance,7e0bc51a89428d4bc943d600a8f4ea0af76f4f95b266833f107144e416955cbc,377d0d86ea5fe9f2a653229735be86ef45be35b38d6ef5c79444da18f474bf3e
609,cc51d5429c7eba20cdc04da1b7bcf943dd12e1fc1b818e6d0b77bf5beebdbb0d,tusk doors llc,business_entity,63,TUSK DOORS LLC,2022,2024,3,1065,1883|2701|3458,9863|11145|12341,2022:1883:taxpayer|2023:2701:taxpayer|2024:3458:taxpayer,3,details.source_contact_ids,True,3,identifier_verified,machine,drake_entity_provenance,3d9e6d43a26350fc6dbc595eed04c76872444192606b674eba2f187dce61d3ff,ed64a5355fbc3125f906b6d113532a6820ca941c55edef72156fa064e18ecb09
612,cec5130877c89e9952409823849cfcd07a7bd10d9e523b6be73a05ff47afa309,eldon house llc,business_entity,65,Eldon House LLC,2022,2024,3,1065,1695|2489|3276,9571|10815|12060,2022:1695:taxpayer|2023:2489:taxpayer|2024:3276:taxpayer,3,details.source_contact_ids,True,3,identifier_verified,machine,drake_entity_provenance,5af90deaaea9ec9aa9030414df553a10fdb463ea1365835c1381a115289e05b8,f2799223b1e2ce72746a56320631a3ba8af2ecdd735e39481aa699e03af113e2
613,d2f441c956a47ab15484531d78d6e4cb0ad4588fcf6613453dc14e13c0ac3d49,plantation hotel llc,business_entity,83,PLANTATION HOTEL LLC,2021,2023,3,1065,615|1356|2105,7890|9048|10224,2021:615:taxpayer|2022:1356:taxpayer|2023:2105:taxpayer,3,details.source_contact_ids,True,3,identifier_verified,machine,drake_entity_provenance,84041339a106222fca27a988f4a8673beca23460c7858c1edc91a846aa57a4f0,6047a4746f9684f17d1326e7fd3b3c3784a5fe8f8a6a24a4301ceae33d4f480d
614,d55849bb51d01b8ec8da219f8abcfb5a68aad92a04be051d49052947882d654d,those tree guys llc,business_entity,76,THOSE TREE GUYS LLC,2023,2025,3,1120S,447|2743|3495,11214|12402|13430,2023:2743:taxpayer|2024:3495:taxpayer|2025:447:taxpayer,3,details.source_contact_ids,True,3,identifier_verified,machine,drake_entity_provenance,dc848548cec471e2b86a973d78cf9253f05f8af53329ffc323aae598987884a5,f96f45fe230d7b33e2223be6f390040c111ce0dbafbdf1e920b45721222457c2
615,d718c4885611dd7f162d0ed3c957874019d7abe5f10eec6ea0711cd969b1c06a,p-fuzz llc,business_entity,73,P-Fuzz LLC,2023,2024,2,1065,2243|3076,10440|11752,2023:2243:taxpayer|2024:3076:taxpayer,2,details.source_contact_ids,True,2,identifier_verified,machine,drake_entity_provenance,53afbc1391218d50077951630944fcc5b4ed76f911740208021f41ffb64bab6e,1628f8821d0149581ba4306a0eb7ab1962887bcbe665f0211356d56402020bce
617,d7f1bd17439a73ddeb432eb2d714fd712817021b2828e039150cb300642bf9fa,philpott properties llc,business_entity,101,Philpott Properties LLC,2022,2023,2,1065,1447|2217,9193|10402,2022:1447:taxpayer|2023:2217:taxpayer,2,details.source_contact_ids,True,2,identifier_verified,machine,drake_entity_provenance,99649b24589ffee61679606c6bf6bf9788b36106ce17c79fdc401b5348698704,478643930ab66f78d6970f394ea92a3f60203d88744e78c6c52b50d12b4525a5
621,ddd869c796543420726df9a57011e1e8f2510255c5735da5cddf4ca456f0aba9,rva homestays llc,business_entity,80,RVA HOMESTAYS LLC,2023,2024,2,1120S,2218|3055,10403|11720,2023:2218:taxpayer|2024:3055:taxpayer,2,details.source_contact_ids,True,2,identifier_verified,machine,drake_entity_provenance,3055fb4cf67f5c4a64059397b55faf44c228792b9ac92b5c3a0013c4ffc83534,da96e29c681b7e40854402a0f504bc5c854bff0a1e143671e7418fd1e1707e29
623,dea41b66e3fb9d627831a5f87cbaa1007abf08f8fbca3c121a2e48e7eac0fc61,kristian brooke llc,business_entity,32,KRISTIAN BROOKE LLC,2021,2025,5,1065,472|1202|1952|2782|3531,8798|9975|11276|12457|13467,2021:1202:taxpayer|2022:1952:taxpayer|2023:2782:taxpayer|2024:3531:taxpayer|2025:472:taxpayer,5,details.source_contact_ids,True,5,identifier_verified,machine,drake_entity_provenance,df696ec3558e25ae3bf9ac907857c34f5d9c4d17e4397ccd62bb1f8d71d09c84,98a16df921b7924a45ee7d0c236486b9a9c2bf5633e264e4e2d084e8f46f1531
628,ed6a5224edd1447159f682cc198eb1512f8f8004f73fb01e7dc1de6734904075,smith mountain lake recreational bo,business_entity,27,Smith Mountain Lake Recreational Bo,2023,2024,2,1120S,2167|3011,10320|11647,2023:2167:taxpayer|2024:3011:taxpayer,2,details.source_contact_ids,True,2,identifier_verified,machine,drake_entity_provenance,fa5fcdbdad708e76f70b90b2ae976a83605c3ac4df7820d9737ea6732b6ec5a6,82878ffa9756c29b40c53d21a7b5ad307928eaac6ed7f48934785f40a861fc50
638,fe984089b59ccca072f3046e0e7c952d4ed57657c0511e459d396fc50e26b9ea,gilliam & mundy drilling com,business_entity,49,GILLIAM & MUNDY DRILLING COM,2021,2023,3,1120,1043|1804|2612,8548|9739|11002,2021:1043:taxpayer|2022:1804:taxpayer|2023:2612:taxpayer,3,details.source_contact_ids,True,3,identifier_verified,machine,drake_entity_provenance,cfe0f7aff1ef018f82070dbc99c0f9f456e2b6d58fb3919a949a399b767c0da9,d5f4bc9fc850fef03232157ae9aeda0ca664b30df00689fcf93af3d037d83c3f
